INSERT INTO pr_emp_per_info (`emp_id`,`emp_full_name`,`emp_dob`,`emp_marital_status`,`emp_blood`) VALUES ('SO0020', 'Mst. Shima Akter', '1985-01-05', 1, 0);
INSERT INTO pr_emp_com_info (`emp_id`, `emp_dept_id`, `emp_sec_id`, `emp_line_id`, `emp_desi_id`,`emp_operation_id`,`emp_position_id`, `emp_sal_gra_id`, `emp_cat_id`, `emp_shift`, `gross_sal`, `ot_entitle`, `transport`, `lunch`, `att_bonus`, `salary_draw`, `salary_type`,  `emp_join_date`) 
								VALUES ('SO0020', 3, 3, 3, 6, 0, 0, '3', 1,3, '4618',0, 1,1,'1', 1 , 1 ,'2009-02-12' );
INSERT INTO pr_emp_add (`emp_id`) VALUES ('SO0020');
INSERT INTO pr_emp_edu (`emp_id`) VALUES ('SO0020');
INSERT INTO pr_emp_skill (`emp_id`) VALUES ('SO0020');
INSERT INTO pr_id_proxi (`emp_id`) VALUES ('SO0020');
CREATE TABLE IF NOT EXISTS `temp_SO0020` (`att_id` int(11) NOT NULL AUTO_INCREMENT, `device_id` int(11) DEFAULT NULL, `proxi_id` int(11) DEFAULT NULL, `date_time` datetime DEFAULT NULL, PRIMARY KEY (`att_id`) ) ENGINE=MyISAM  DEFAULT CHARSET=utf8 AUTO_INCREMENT=1;
-- =======================================================================================================
INSERT INTO pr_emp_per_info (`emp_id`,`emp_full_name`,`emp_dob`,`emp_marital_status`,`emp_blood`) VALUES ('SO0024', 'Md. Mamun', '1989-07-15', 1, 0);
INSERT INTO pr_emp_com_info (`emp_id`, `emp_dept_id`, `emp_sec_id`, `emp_line_id`, `emp_desi_id`,`emp_operation_id`,`emp_position_id`, `emp_sal_gra_id`, `emp_cat_id`, `emp_shift`, `gross_sal`, `ot_entitle`, `transport`, `lunch`, `att_bonus`, `salary_draw`, `salary_type`,  `emp_join_date`) 
								VALUES ('SO0024', 3, 3, 3, 6, 0, 0, '3', 1,3, '4618',0, 1,1,'1', 1 , 1 ,'2009-02-14' );
INSERT INTO pr_emp_add (`emp_id`) VALUES ('SO0024');
INSERT INTO pr_emp_edu (`emp_id`) VALUES ('SO0024');
INSERT INTO pr_emp_skill (`emp_id`) VALUES ('SO0024');
INSERT INTO pr_id_proxi (`emp_id`) VALUES ('SO0024');
CREATE TABLE IF NOT EXISTS `temp_SO0024` (`att_id` int(11) NOT NULL AUTO_INCREMENT, `device_id` int(11) DEFAULT NULL, `proxi_id` int(11) DEFAULT NULL, `date_time` datetime DEFAULT NULL, PRIMARY KEY (`att_id`) ) ENGINE=MyISAM  DEFAULT CHARSET=utf8 AUTO_INCREMENT=1;
-- =======================================================================================================
INSERT INTO pr_emp_per_info (`emp_id`,`emp_full_name`,`emp_dob`,`emp_marital_status`,`emp_blood`) VALUES ('SO0026', 'Mst. Sumi -1', '1988-01-10', 1, 0);
INSERT INTO pr_emp_com_info (`emp_id`, `emp_dept_id`, `emp_sec_id`, `emp_line_id`, `emp_desi_id`,`emp_operation_id`,`emp_position_id`, `emp_sal_gra_id`, `emp_cat_id`, `emp_shift`, `gross_sal`, `ot_entitle`, `transport`, `lunch`, `att_bonus`, `salary_draw`, `salary_type`,  `emp_join_date`) 
								VALUES ('SO0026', 3, 3, 3, 6, 0, 0, '3', 1,3, '4518',0, 1,1,'1', 1 , 1 ,'2009-02-24' );
INSERT INTO pr_emp_add (`emp_id`) VALUES ('SO0026');
INSERT INTO pr_emp_edu (`emp_id`) VALUES ('SO0026');
INSERT INTO pr_emp_skill (`emp_id`) VALUES ('SO0026');
INSERT INTO pr_id_proxi (`emp_id`) VALUES ('SO0026');
CREATE TABLE IF NOT EXISTS `temp_SO0026` (`att_id` int(11) NOT NULL AUTO_INCREMENT, `device_id` int(11) DEFAULT NULL, `proxi_id` int(11) DEFAULT NULL, `date_time` datetime DEFAULT NULL, PRIMARY KEY (`att_id`) ) ENGINE=MyISAM  DEFAULT CHARSET=utf8 AUTO_INCREMENT=1;
-- =======================================================================================================
INSERT INTO pr_emp_per_info (`emp_id`,`emp_full_name`,`emp_dob`,`emp_marital_status`,`emp_blood`) VALUES ('SO0041', 'Mst. Buty Akter', '1988-04-08', 1, 0);
INSERT INTO pr_emp_com_info (`emp_id`, `emp_dept_id`, `emp_sec_id`, `emp_line_id`, `emp_desi_id`,`emp_operation_id`,`emp_position_id`, `emp_sal_gra_id`, `emp_cat_id`, `emp_shift`, `gross_sal`, `ot_entitle`, `transport`, `lunch`, `att_bonus`, `salary_draw`, `salary_type`,  `emp_join_date`) 
								VALUES ('SO0041', 3, 3, 3, 6, 0, 0, '3', 1,3, '4518',0, 1,1,'1', 1 , 1 ,'2009-03-01' );
INSERT INTO pr_emp_add (`emp_id`) VALUES ('SO0041');
INSERT INTO pr_emp_edu (`emp_id`) VALUES ('SO0041');
INSERT INTO pr_emp_skill (`emp_id`) VALUES ('SO0041');
INSERT INTO pr_id_proxi (`emp_id`) VALUES ('SO0041');
CREATE TABLE IF NOT EXISTS `temp_SO0041` (`att_id` int(11) NOT NULL AUTO_INCREMENT, `device_id` int(11) DEFAULT NULL, `proxi_id` int(11) DEFAULT NULL, `date_time` datetime DEFAULT NULL, PRIMARY KEY (`att_id`) ) ENGINE=MyISAM  DEFAULT CHARSET=utf8 AUTO_INCREMENT=1;
-- =======================================================================================================
INSERT INTO pr_emp_per_info (`emp_id`,`emp_full_name`,`emp_dob`,`emp_marital_status`,`emp_blood`) VALUES ('SO0056', 'Mst. Bakul Begum', '1988-02-05', 1, 0);
INSERT INTO pr_emp_com_info (`emp_id`, `emp_dept_id`, `emp_sec_id`, `emp_line_id`, `emp_desi_id`,`emp_operation_id`,`emp_position_id`, `emp_sal_gra_id`, `emp_cat_id`, `emp_shift`, `gross_sal`, `ot_entitle`, `transport`, `lunch`, `att_bonus`, `salary_draw`, `salary_type`,  `emp_join_date`) 
								VALUES ('SO0056', 3, 3, 3, 6, 0, 0, '3', 1,3, '4518',0, 1,1,'1', 1 , 1 ,'2009-03-02' );
INSERT INTO pr_emp_add (`emp_id`) VALUES ('SO0056');
INSERT INTO pr_emp_edu (`emp_id`) VALUES ('SO0056');
INSERT INTO pr_emp_skill (`emp_id`) VALUES ('SO0056');
INSERT INTO pr_id_proxi (`emp_id`) VALUES ('SO0056');
CREATE TABLE IF NOT EXISTS `temp_SO0056` (`att_id` int(11) NOT NULL AUTO_INCREMENT, `device_id` int(11) DEFAULT NULL, `proxi_id` int(11) DEFAULT NULL, `date_time` datetime DEFAULT NULL, PRIMARY KEY (`att_id`) ) ENGINE=MyISAM  DEFAULT CHARSET=utf8 AUTO_INCREMENT=1;
-- =======================================================================================================
INSERT INTO pr_emp_per_info (`emp_id`,`emp_full_name`,`emp_dob`,`emp_marital_status`,`emp_blood`) VALUES ('SO0129', 'Mst. Rahima', '1988-02-01', 1, 0);
INSERT INTO pr_emp_com_info (`emp_id`, `emp_dept_id`, `emp_sec_id`, `emp_line_id`, `emp_desi_id`,`emp_operation_id`,`emp_position_id`, `emp_sal_gra_id`, `emp_cat_id`, `emp_shift`, `gross_sal`, `ot_entitle`, `transport`, `lunch`, `att_bonus`, `salary_draw`, `salary_type`,  `emp_join_date`) 
								VALUES ('SO0129', 3, 3, 3, 6, 0, 0, '3', 1,3, '4518',0, 1,1,'1', 1 , 1 ,'2009-04-12' );
INSERT INTO pr_emp_add (`emp_id`) VALUES ('SO0129');
INSERT INTO pr_emp_edu (`emp_id`) VALUES ('SO0129');
INSERT INTO pr_emp_skill (`emp_id`) VALUES ('SO0129');
INSERT INTO pr_id_proxi (`emp_id`) VALUES ('SO0129');
CREATE TABLE IF NOT EXISTS `temp_SO0129` (`att_id` int(11) NOT NULL AUTO_INCREMENT, `device_id` int(11) DEFAULT NULL, `proxi_id` int(11) DEFAULT NULL, `date_time` datetime DEFAULT NULL, PRIMARY KEY (`att_id`) ) ENGINE=MyISAM  DEFAULT CHARSET=utf8 AUTO_INCREMENT=1;
-- =======================================================================================================
INSERT INTO pr_emp_per_info (`emp_id`,`emp_full_name`,`emp_dob`,`emp_marital_status`,`emp_blood`) VALUES ('SO0157', 'Mst. Rubina Akter', '1985-10-19', 1, 0);
INSERT INTO pr_emp_com_info (`emp_id`, `emp_dept_id`, `emp_sec_id`, `emp_line_id`, `emp_desi_id`,`emp_operation_id`,`emp_position_id`, `emp_sal_gra_id`, `emp_cat_id`, `emp_shift`, `gross_sal`, `ot_entitle`, `transport`, `lunch`, `att_bonus`, `salary_draw`, `salary_type`,  `emp_join_date`) 
								VALUES ('SO0157', 3, 3, 3, 6, 0, 0, '3', 1,3, '4518',0, 1,1,'1', 1 , 1 ,'2009-05-17' );
INSERT INTO pr_emp_add (`emp_id`) VALUES ('SO0157');
INSERT INTO pr_emp_edu (`emp_id`) VALUES ('SO0157');
INSERT INTO pr_emp_skill (`emp_id`) VALUES ('SO0157');
INSERT INTO pr_id_proxi (`emp_id`) VALUES ('SO0157');
CREATE TABLE IF NOT EXISTS `temp_SO0157` (`att_id` int(11) NOT NULL AUTO_INCREMENT, `device_id` int(11) DEFAULT NULL, `proxi_id` int(11) DEFAULT NULL, `date_time` datetime DEFAULT NULL, PRIMARY KEY (`att_id`) ) ENGINE=MyISAM  DEFAULT CHARSET=utf8 AUTO_INCREMENT=1;
-- =======================================================================================================
INSERT INTO pr_emp_per_info (`emp_id`,`emp_full_name`,`emp_dob`,`emp_marital_status`,`emp_blood`) VALUES ('SO0164', 'Mst. Momotaj Begum-2', '1983-12-10', 1, 0);
INSERT INTO pr_emp_com_info (`emp_id`, `emp_dept_id`, `emp_sec_id`, `emp_line_id`, `emp_desi_id`,`emp_operation_id`,`emp_position_id`, `emp_sal_gra_id`, `emp_cat_id`, `emp_shift`, `gross_sal`, `ot_entitle`, `transport`, `lunch`, `att_bonus`, `salary_draw`, `salary_type`,  `emp_join_date`) 
								VALUES ('SO0164', 3, 3, 3, 6, 0, 0, '3', 1,3, '4518',0, 1,1,'1', 1 , 1 ,'2009-06-03' );
INSERT INTO pr_emp_add (`emp_id`) VALUES ('SO0164');
INSERT INTO pr_emp_edu (`emp_id`) VALUES ('SO0164');
INSERT INTO pr_emp_skill (`emp_id`) VALUES ('SO0164');
INSERT INTO pr_id_proxi (`emp_id`) VALUES ('SO0164');
CREATE TABLE IF NOT EXISTS `temp_SO0164` (`att_id` int(11) NOT NULL AUTO_INCREMENT, `device_id` int(11) DEFAULT NULL, `proxi_id` int(11) DEFAULT NULL, `date_time` datetime DEFAULT NULL, PRIMARY KEY (`att_id`) ) ENGINE=MyISAM  DEFAULT CHARSET=utf8 AUTO_INCREMENT=1;
-- =======================================================================================================
INSERT INTO pr_emp_per_info (`emp_id`,`emp_full_name`,`emp_dob`,`emp_marital_status`,`emp_blood`) VALUES ('SO0297', 'Mst. Marjena Begum', '1989-01-02', 1, 0);
INSERT INTO pr_emp_com_info (`emp_id`, `emp_dept_id`, `emp_sec_id`, `emp_line_id`, `emp_desi_id`,`emp_operation_id`,`emp_position_id`, `emp_sal_gra_id`, `emp_cat_id`, `emp_shift`, `gross_sal`, `ot_entitle`, `transport`, `lunch`, `att_bonus`, `salary_draw`, `salary_type`,  `emp_join_date`) 
								VALUES ('SO0297', 3, 3, 3, 6, 0, 0, '3', 1,3, '4518',0, 1,1,'1', 1 , 1 ,'2009-10-01' );
INSERT INTO pr_emp_add (`emp_id`) VALUES ('SO0297');
INSERT INTO pr_emp_edu (`emp_id`) VALUES ('SO0297');
INSERT INTO pr_emp_skill (`emp_id`) VALUES ('SO0297');
INSERT INTO pr_id_proxi (`emp_id`) VALUES ('SO0297');
CREATE TABLE IF NOT EXISTS `temp_SO0297` (`att_id` int(11) NOT NULL AUTO_INCREMENT, `device_id` int(11) DEFAULT NULL, `proxi_id` int(11) DEFAULT NULL, `date_time` datetime DEFAULT NULL, PRIMARY KEY (`att_id`) ) ENGINE=MyISAM  DEFAULT CHARSET=utf8 AUTO_INCREMENT=1;
-- =======================================================================================================
INSERT INTO pr_emp_per_info (`emp_id`,`emp_full_name`,`emp_dob`,`emp_marital_status`,`emp_blood`) VALUES ('SO0340', 'Md. Abul Hashem', '1980-02-27', 1, 0);
INSERT INTO pr_emp_com_info (`emp_id`, `emp_dept_id`, `emp_sec_id`, `emp_line_id`, `emp_desi_id`,`emp_operation_id`,`emp_position_id`, `emp_sal_gra_id`, `emp_cat_id`, `emp_shift`, `gross_sal`, `ot_entitle`, `transport`, `lunch`, `att_bonus`, `salary_draw`, `salary_type`,  `emp_join_date`) 
								VALUES ('SO0340', 3, 3, 3, 6, 0, 0, '3', 1,3, '4750',0, 1,1,'1', 1 , 1 ,'2009-10-08' );
INSERT INTO pr_emp_add (`emp_id`) VALUES ('SO0340');
INSERT INTO pr_emp_edu (`emp_id`) VALUES ('SO0340');
INSERT INTO pr_emp_skill (`emp_id`) VALUES ('SO0340');
INSERT INTO pr_id_proxi (`emp_id`) VALUES ('SO0340');
CREATE TABLE IF NOT EXISTS `temp_SO0340` (`att_id` int(11) NOT NULL AUTO_INCREMENT, `device_id` int(11) DEFAULT NULL, `proxi_id` int(11) DEFAULT NULL, `date_time` datetime DEFAULT NULL, PRIMARY KEY (`att_id`) ) ENGINE=MyISAM  DEFAULT CHARSET=utf8 AUTO_INCREMENT=1;
-- =======================================================================================================
INSERT INTO pr_emp_per_info (`emp_id`,`emp_full_name`,`emp_dob`,`emp_marital_status`,`emp_blood`) VALUES ('SO0351', 'Md. Zohirul Islam (Milon)', '1984-12-01', 1, 0);
INSERT INTO pr_emp_com_info (`emp_id`, `emp_dept_id`, `emp_sec_id`, `emp_line_id`, `emp_desi_id`,`emp_operation_id`,`emp_position_id`, `emp_sal_gra_id`, `emp_cat_id`, `emp_shift`, `gross_sal`, `ot_entitle`, `transport`, `lunch`, `att_bonus`, `salary_draw`, `salary_type`,  `emp_join_date`) 
								VALUES ('SO0351', 3, 3, 3, 6, 0, 0, '3', 1,3, '4518',0, 1,1,'1', 1 , 1 ,'2009-10-10' );
INSERT INTO pr_emp_add (`emp_id`) VALUES ('SO0351');
INSERT INTO pr_emp_edu (`emp_id`) VALUES ('SO0351');
INSERT INTO pr_emp_skill (`emp_id`) VALUES ('SO0351');
INSERT INTO pr_id_proxi (`emp_id`) VALUES ('SO0351');
CREATE TABLE IF NOT EXISTS `temp_SO0351` (`att_id` int(11) NOT NULL AUTO_INCREMENT, `device_id` int(11) DEFAULT NULL, `proxi_id` int(11) DEFAULT NULL, `date_time` datetime DEFAULT NULL, PRIMARY KEY (`att_id`) ) ENGINE=MyISAM  DEFAULT CHARSET=utf8 AUTO_INCREMENT=1;
-- =======================================================================================================
INSERT INTO pr_emp_per_info (`emp_id`,`emp_full_name`,`emp_dob`,`emp_marital_status`,`emp_blood`) VALUES ('SO0365', 'Mst. Nadia Akter (Dina)', '1990-01-01', 1, 0);
INSERT INTO pr_emp_com_info (`emp_id`, `emp_dept_id`, `emp_sec_id`, `emp_line_id`, `emp_desi_id`,`emp_operation_id`,`emp_position_id`, `emp_sal_gra_id`, `emp_cat_id`, `emp_shift`, `gross_sal`, `ot_entitle`, `transport`, `lunch`, `att_bonus`, `salary_draw`, `salary_type`,  `emp_join_date`) 
								VALUES ('SO0365', 3, 3, 3, 6, 0, 0, '3', 1,3, '4518',0, 1,1,'1', 1 , 1 ,'2009-10-12' );
INSERT INTO pr_emp_add (`emp_id`) VALUES ('SO0365');
INSERT INTO pr_emp_edu (`emp_id`) VALUES ('SO0365');
INSERT INTO pr_emp_skill (`emp_id`) VALUES ('SO0365');
INSERT INTO pr_id_proxi (`emp_id`) VALUES ('SO0365');
CREATE TABLE IF NOT EXISTS `temp_SO0365` (`att_id` int(11) NOT NULL AUTO_INCREMENT, `device_id` int(11) DEFAULT NULL, `proxi_id` int(11) DEFAULT NULL, `date_time` datetime DEFAULT NULL, PRIMARY KEY (`att_id`) ) ENGINE=MyISAM  DEFAULT CHARSET=utf8 AUTO_INCREMENT=1;
-- =======================================================================================================
INSERT INTO pr_emp_per_info (`emp_id`,`emp_full_name`,`emp_dob`,`emp_marital_status`,`emp_blood`) VALUES ('SO0449', 'Md. Aminul ', '1988-02-03', 1, 0);
INSERT INTO pr_emp_com_info (`emp_id`, `emp_dept_id`, `emp_sec_id`, `emp_line_id`, `emp_desi_id`,`emp_operation_id`,`emp_position_id`, `emp_sal_gra_id`, `emp_cat_id`, `emp_shift`, `gross_sal`, `ot_entitle`, `transport`, `lunch`, `att_bonus`, `salary_draw`, `salary_type`,  `emp_join_date`) 
								VALUES ('SO0449', 3, 3, 3, 6, 0, 0, '3', 1,3, '4750',0, 1,1,'1', 1 , 1 ,'2010-01-09' );
INSERT INTO pr_emp_add (`emp_id`) VALUES ('SO0449');
INSERT INTO pr_emp_edu (`emp_id`) VALUES ('SO0449');
INSERT INTO pr_emp_skill (`emp_id`) VALUES ('SO0449');
INSERT INTO pr_id_proxi (`emp_id`) VALUES ('SO0449');
CREATE TABLE IF NOT EXISTS `temp_SO0449` (`att_id` int(11) NOT NULL AUTO_INCREMENT, `device_id` int(11) DEFAULT NULL, `proxi_id` int(11) DEFAULT NULL, `date_time` datetime DEFAULT NULL, PRIMARY KEY (`att_id`) ) ENGINE=MyISAM  DEFAULT CHARSET=utf8 AUTO_INCREMENT=1;
-- =======================================================================================================
INSERT INTO pr_emp_per_info (`emp_id`,`emp_full_name`,`emp_dob`,`emp_marital_status`,`emp_blood`) VALUES ('SO0500', 'Mst. Rubina Begum', '1984-07-11', 1, 0);
INSERT INTO pr_emp_com_info (`emp_id`, `emp_dept_id`, `emp_sec_id`, `emp_line_id`, `emp_desi_id`,`emp_operation_id`,`emp_position_id`, `emp_sal_gra_id`, `emp_cat_id`, `emp_shift`, `gross_sal`, `ot_entitle`, `transport`, `lunch`, `att_bonus`, `salary_draw`, `salary_type`,  `emp_join_date`) 
								VALUES ('SO0500', 3, 3, 3, 6, 0, 0, '3', 1,3, '4518',0, 1,1,'1', 1 , 1 ,'2010-03-02' );
INSERT INTO pr_emp_add (`emp_id`) VALUES ('SO0500');
INSERT INTO pr_emp_edu (`emp_id`) VALUES ('SO0500');
INSERT INTO pr_emp_skill (`emp_id`) VALUES ('SO0500');
INSERT INTO pr_id_proxi (`emp_id`) VALUES ('SO0500');
CREATE TABLE IF NOT EXISTS `temp_SO0500` (`att_id` int(11) NOT NULL AUTO_INCREMENT, `device_id` int(11) DEFAULT NULL, `proxi_id` int(11) DEFAULT NULL, `date_time` datetime DEFAULT NULL, PRIMARY KEY (`att_id`) ) ENGINE=MyISAM  DEFAULT CHARSET=utf8 AUTO_INCREMENT=1;
-- =======================================================================================================
INSERT INTO pr_emp_per_info (`emp_id`,`emp_full_name`,`emp_dob`,`emp_marital_status`,`emp_blood`) VALUES ('SO0535', 'Mst. Salina Akter', '1991-08-10', 1, 0);
INSERT INTO pr_emp_com_info (`emp_id`, `emp_dept_id`, `emp_sec_id`, `emp_line_id`, `emp_desi_id`,`emp_operation_id`,`emp_position_id`, `emp_sal_gra_id`, `emp_cat_id`, `emp_shift`, `gross_sal`, `ot_entitle`, `transport`, `lunch`, `att_bonus`, `salary_draw`, `salary_type`,  `emp_join_date`) 
								VALUES ('SO0535', 3, 3, 3, 6, 0, 0, '3', 1,3, '4518',0, 1,1,'1', 1 , 1 ,'2010-05-13' );
INSERT INTO pr_emp_add (`emp_id`) VALUES ('SO0535');
INSERT INTO pr_emp_edu (`emp_id`) VALUES ('SO0535');
INSERT INTO pr_emp_skill (`emp_id`) VALUES ('SO0535');
INSERT INTO pr_id_proxi (`emp_id`) VALUES ('SO0535');
CREATE TABLE IF NOT EXISTS `temp_SO0535` (`att_id` int(11) NOT NULL AUTO_INCREMENT, `device_id` int(11) DEFAULT NULL, `proxi_id` int(11) DEFAULT NULL, `date_time` datetime DEFAULT NULL, PRIMARY KEY (`att_id`) ) ENGINE=MyISAM  DEFAULT CHARSET=utf8 AUTO_INCREMENT=1;
-- =======================================================================================================
INSERT INTO pr_emp_per_info (`emp_id`,`emp_full_name`,`emp_dob`,`emp_marital_status`,`emp_blood`) VALUES ('SO0567', 'Mst. Shima Begum', '1991-05-04', 1, 0);
INSERT INTO pr_emp_com_info (`emp_id`, `emp_dept_id`, `emp_sec_id`, `emp_line_id`, `emp_desi_id`,`emp_operation_id`,`emp_position_id`, `emp_sal_gra_id`, `emp_cat_id`, `emp_shift`, `gross_sal`, `ot_entitle`, `transport`, `lunch`, `att_bonus`, `salary_draw`, `salary_type`,  `emp_join_date`) 
								VALUES ('SO0567', 3, 3, 3, 6, 0, 0, '3', 1,3, '4518',0, 1,1,'1', 1 , 1 ,'2010-06-16' );
INSERT INTO pr_emp_add (`emp_id`) VALUES ('SO0567');
INSERT INTO pr_emp_edu (`emp_id`) VALUES ('SO0567');
INSERT INTO pr_emp_skill (`emp_id`) VALUES ('SO0567');
INSERT INTO pr_id_proxi (`emp_id`) VALUES ('SO0567');
CREATE TABLE IF NOT EXISTS `temp_SO0567` (`att_id` int(11) NOT NULL AUTO_INCREMENT, `device_id` int(11) DEFAULT NULL, `proxi_id` int(11) DEFAULT NULL, `date_time` datetime DEFAULT NULL, PRIMARY KEY (`att_id`) ) ENGINE=MyISAM  DEFAULT CHARSET=utf8 AUTO_INCREMENT=1;
-- =======================================================================================================
INSERT INTO pr_emp_per_info (`emp_id`,`emp_full_name`,`emp_dob`,`emp_marital_status`,`emp_blood`) VALUES ('SO0585', 'Mst. Rebaka Akter', '1987-12-08', 1, 0);
INSERT INTO pr_emp_com_info (`emp_id`, `emp_dept_id`, `emp_sec_id`, `emp_line_id`, `emp_desi_id`,`emp_operation_id`,`emp_position_id`, `emp_sal_gra_id`, `emp_cat_id`, `emp_shift`, `gross_sal`, `ot_entitle`, `transport`, `lunch`, `att_bonus`, `salary_draw`, `salary_type`,  `emp_join_date`) 
								VALUES ('SO0585', 3, 3, 3, 6, 0, 0, '3', 1,3, '4518',0, 1,1,'1', 1 , 1 ,'2010-07-07' );
INSERT INTO pr_emp_add (`emp_id`) VALUES ('SO0585');
INSERT INTO pr_emp_edu (`emp_id`) VALUES ('SO0585');
INSERT INTO pr_emp_skill (`emp_id`) VALUES ('SO0585');
INSERT INTO pr_id_proxi (`emp_id`) VALUES ('SO0585');
CREATE TABLE IF NOT EXISTS `temp_SO0585` (`att_id` int(11) NOT NULL AUTO_INCREMENT, `device_id` int(11) DEFAULT NULL, `proxi_id` int(11) DEFAULT NULL, `date_time` datetime DEFAULT NULL, PRIMARY KEY (`att_id`) ) ENGINE=MyISAM  DEFAULT CHARSET=utf8 AUTO_INCREMENT=1;
-- =======================================================================================================
INSERT INTO pr_emp_per_info (`emp_id`,`emp_full_name`,`emp_dob`,`emp_marital_status`,`emp_blood`) VALUES ('SO0595', 'Md. Akram Hossain', '1990-05-02', 1, 0);
INSERT INTO pr_emp_com_info (`emp_id`, `emp_dept_id`, `emp_sec_id`, `emp_line_id`, `emp_desi_id`,`emp_operation_id`,`emp_position_id`, `emp_sal_gra_id`, `emp_cat_id`, `emp_shift`, `gross_sal`, `ot_entitle`, `transport`, `lunch`, `att_bonus`, `salary_draw`, `salary_type`,  `emp_join_date`) 
								VALUES ('SO0595', 3, 3, 3, 6, 0, 0, '3', 1,3, '4618',0, 1,1,'1', 1 , 1 ,'2010-07-11' );
INSERT INTO pr_emp_add (`emp_id`) VALUES ('SO0595');
INSERT INTO pr_emp_edu (`emp_id`) VALUES ('SO0595');
INSERT INTO pr_emp_skill (`emp_id`) VALUES ('SO0595');
INSERT INTO pr_id_proxi (`emp_id`) VALUES ('SO0595');
CREATE TABLE IF NOT EXISTS `temp_SO0595` (`att_id` int(11) NOT NULL AUTO_INCREMENT, `device_id` int(11) DEFAULT NULL, `proxi_id` int(11) DEFAULT NULL, `date_time` datetime DEFAULT NULL, PRIMARY KEY (`att_id`) ) ENGINE=MyISAM  DEFAULT CHARSET=utf8 AUTO_INCREMENT=1;
-- =======================================================================================================
INSERT INTO pr_emp_per_info (`emp_id`,`emp_full_name`,`emp_dob`,`emp_marital_status`,`emp_blood`) VALUES ('SO0605', 'Md. Sujon Miah', '1990-12-27', 1, 0);
INSERT INTO pr_emp_com_info (`emp_id`, `emp_dept_id`, `emp_sec_id`, `emp_line_id`, `emp_desi_id`,`emp_operation_id`,`emp_position_id`, `emp_sal_gra_id`, `emp_cat_id`, `emp_shift`, `gross_sal`, `ot_entitle`, `transport`, `lunch`, `att_bonus`, `salary_draw`, `salary_type`,  `emp_join_date`) 
								VALUES ('SO0605', 3, 3, 3, 6, 0, 0, '3', 1,3, '4750',0, 1,1,'1', 1 , 1 ,'2010-07-13' );
INSERT INTO pr_emp_add (`emp_id`) VALUES ('SO0605');
INSERT INTO pr_emp_edu (`emp_id`) VALUES ('SO0605');
INSERT INTO pr_emp_skill (`emp_id`) VALUES ('SO0605');
INSERT INTO pr_id_proxi (`emp_id`) VALUES ('SO0605');
CREATE TABLE IF NOT EXISTS `temp_SO0605` (`att_id` int(11) NOT NULL AUTO_INCREMENT, `device_id` int(11) DEFAULT NULL, `proxi_id` int(11) DEFAULT NULL, `date_time` datetime DEFAULT NULL, PRIMARY KEY (`att_id`) ) ENGINE=MyISAM  DEFAULT CHARSET=utf8 AUTO_INCREMENT=1;
-- =======================================================================================================
INSERT INTO pr_emp_per_info (`emp_id`,`emp_full_name`,`emp_dob`,`emp_marital_status`,`emp_blood`) VALUES ('SO0693', 'Mrs. Keya Akter', '1991-07-24', 1, 0);
INSERT INTO pr_emp_com_info (`emp_id`, `emp_dept_id`, `emp_sec_id`, `emp_line_id`, `emp_desi_id`,`emp_operation_id`,`emp_position_id`, `emp_sal_gra_id`, `emp_cat_id`, `emp_shift`, `gross_sal`, `ot_entitle`, `transport`, `lunch`, `att_bonus`, `salary_draw`, `salary_type`,  `emp_join_date`) 
								VALUES ('SO0693', 3, 3, 3, 8, 0, 0, '5', 1,3, '4400',0, 1,1,'1', 1 , 1 ,'2011-01-19' );
INSERT INTO pr_emp_add (`emp_id`) VALUES ('SO0693');
INSERT INTO pr_emp_edu (`emp_id`) VALUES ('SO0693');
INSERT INTO pr_emp_skill (`emp_id`) VALUES ('SO0693');
INSERT INTO pr_id_proxi (`emp_id`) VALUES ('SO0693');
CREATE TABLE IF NOT EXISTS `temp_SO0693` (`att_id` int(11) NOT NULL AUTO_INCREMENT, `device_id` int(11) DEFAULT NULL, `proxi_id` int(11) DEFAULT NULL, `date_time` datetime DEFAULT NULL, PRIMARY KEY (`att_id`) ) ENGINE=MyISAM  DEFAULT CHARSET=utf8 AUTO_INCREMENT=1;
-- =======================================================================================================
INSERT INTO pr_emp_per_info (`emp_id`,`emp_full_name`,`emp_dob`,`emp_marital_status`,`emp_blood`) VALUES ('SO0732', 'Md. Al Amin', '1988-01-01', 1, 0);
INSERT INTO pr_emp_com_info (`emp_id`, `emp_dept_id`, `emp_sec_id`, `emp_line_id`, `emp_desi_id`,`emp_operation_id`,`emp_position_id`, `emp_sal_gra_id`, `emp_cat_id`, `emp_shift`, `gross_sal`, `ot_entitle`, `transport`, `lunch`, `att_bonus`, `salary_draw`, `salary_type`,  `emp_join_date`) 
								VALUES ('SO0732', 3, 3, 3, 6, 0, 0, '3', 1,3, '4750',0, 1,1,'1', 1 , 1 ,'2011-03-10' );
INSERT INTO pr_emp_add (`emp_id`) VALUES ('SO0732');
INSERT INTO pr_emp_edu (`emp_id`) VALUES ('SO0732');
INSERT INTO pr_emp_skill (`emp_id`) VALUES ('SO0732');
INSERT INTO pr_id_proxi (`emp_id`) VALUES ('SO0732');
CREATE TABLE IF NOT EXISTS `temp_SO0732` (`att_id` int(11) NOT NULL AUTO_INCREMENT, `device_id` int(11) DEFAULT NULL, `proxi_id` int(11) DEFAULT NULL, `date_time` datetime DEFAULT NULL, PRIMARY KEY (`att_id`) ) ENGINE=MyISAM  DEFAULT CHARSET=utf8 AUTO_INCREMENT=1;
-- =======================================================================================================
INSERT INTO pr_emp_per_info (`emp_id`,`emp_full_name`,`emp_dob`,`emp_marital_status`,`emp_blood`) VALUES ('SO0756', 'Md. Amirul Islam', '1989-10-15', 1, 0);
INSERT INTO pr_emp_com_info (`emp_id`, `emp_dept_id`, `emp_sec_id`, `emp_line_id`, `emp_desi_id`,`emp_operation_id`,`emp_position_id`, `emp_sal_gra_id`, `emp_cat_id`, `emp_shift`, `gross_sal`, `ot_entitle`, `transport`, `lunch`, `att_bonus`, `salary_draw`, `salary_type`,  `emp_join_date`) 
								VALUES ('SO0756', 3, 3, 3, 6, 0, 0, '3', 1,3, '4750',0, 1,1,'1', 1 , 1 ,'2011-03-19' );
INSERT INTO pr_emp_add (`emp_id`) VALUES ('SO0756');
INSERT INTO pr_emp_edu (`emp_id`) VALUES ('SO0756');
INSERT INTO pr_emp_skill (`emp_id`) VALUES ('SO0756');
INSERT INTO pr_id_proxi (`emp_id`) VALUES ('SO0756');
CREATE TABLE IF NOT EXISTS `temp_SO0756` (`att_id` int(11) NOT NULL AUTO_INCREMENT, `device_id` int(11) DEFAULT NULL, `proxi_id` int(11) DEFAULT NULL, `date_time` datetime DEFAULT NULL, PRIMARY KEY (`att_id`) ) ENGINE=MyISAM  DEFAULT CHARSET=utf8 AUTO_INCREMENT=1;
-- =======================================================================================================
INSERT INTO pr_emp_per_info (`emp_id`,`emp_full_name`,`emp_dob`,`emp_marital_status`,`emp_blood`) VALUES ('SO0805', 'Mst. Islima Begum', '1988-02-03', 1, 0);
INSERT INTO pr_emp_com_info (`emp_id`, `emp_dept_id`, `emp_sec_id`, `emp_line_id`, `emp_desi_id`,`emp_operation_id`,`emp_position_id`, `emp_sal_gra_id`, `emp_cat_id`, `emp_shift`, `gross_sal`, `ot_entitle`, `transport`, `lunch`, `att_bonus`, `salary_draw`, `salary_type`,  `emp_join_date`) 
								VALUES ('SO0805', 3, 3, 3, 8, 0, 0, '5', 1,3, '3753',0, 1,1,'1', 1 , 1 ,'2010-07-10' );
INSERT INTO pr_emp_add (`emp_id`) VALUES ('SO0805');
INSERT INTO pr_emp_edu (`emp_id`) VALUES ('SO0805');
INSERT INTO pr_emp_skill (`emp_id`) VALUES ('SO0805');
INSERT INTO pr_id_proxi (`emp_id`) VALUES ('SO0805');
CREATE TABLE IF NOT EXISTS `temp_SO0805` (`att_id` int(11) NOT NULL AUTO_INCREMENT, `device_id` int(11) DEFAULT NULL, `proxi_id` int(11) DEFAULT NULL, `date_time` datetime DEFAULT NULL, PRIMARY KEY (`att_id`) ) ENGINE=MyISAM  DEFAULT CHARSET=utf8 AUTO_INCREMENT=1;
-- =======================================================================================================
INSERT INTO pr_emp_per_info (`emp_id`,`emp_full_name`,`emp_dob`,`emp_marital_status`,`emp_blood`) VALUES ('SO0822', 'Mst. Zannatul Akter', '1986-07-05', 1, 0);
INSERT INTO pr_emp_com_info (`emp_id`, `emp_dept_id`, `emp_sec_id`, `emp_line_id`, `emp_desi_id`,`emp_operation_id`,`emp_position_id`, `emp_sal_gra_id`, `emp_cat_id`, `emp_shift`, `gross_sal`, `ot_entitle`, `transport`, `lunch`, `att_bonus`, `salary_draw`, `salary_type`,  `emp_join_date`) 
								VALUES ('SO0822', 3, 3, 3, 7, 0, 0, '4', 1,3, '4425',0, 1,1,'1', 1 , 1 ,'2011-05-11' );
INSERT INTO pr_emp_add (`emp_id`) VALUES ('SO0822');
INSERT INTO pr_emp_edu (`emp_id`) VALUES ('SO0822');
INSERT INTO pr_emp_skill (`emp_id`) VALUES ('SO0822');
INSERT INTO pr_id_proxi (`emp_id`) VALUES ('SO0822');
CREATE TABLE IF NOT EXISTS `temp_SO0822` (`att_id` int(11) NOT NULL AUTO_INCREMENT, `device_id` int(11) DEFAULT NULL, `proxi_id` int(11) DEFAULT NULL, `date_time` datetime DEFAULT NULL, PRIMARY KEY (`att_id`) ) ENGINE=MyISAM  DEFAULT CHARSET=utf8 AUTO_INCREMENT=1;
-- =======================================================================================================
INSERT INTO pr_emp_per_info (`emp_id`,`emp_full_name`,`emp_dob`,`emp_marital_status`,`emp_blood`) VALUES ('SO0883', 'Mst.Parul Begum', '1987-01-01', 1, 0);
INSERT INTO pr_emp_com_info (`emp_id`, `emp_dept_id`, `emp_sec_id`, `emp_line_id`, `emp_desi_id`,`emp_operation_id`,`emp_position_id`, `emp_sal_gra_id`, `emp_cat_id`, `emp_shift`, `gross_sal`, `ot_entitle`, `transport`, `lunch`, `att_bonus`, `salary_draw`, `salary_type`,  `emp_join_date`) 
								VALUES ('SO0883', 3, 3, 3, 6, 0, 0, '3', 1,3, '4218',0, 1,1,'1', 1 , 1 ,'2011-09-11' );
INSERT INTO pr_emp_add (`emp_id`) VALUES ('SO0883');
INSERT INTO pr_emp_edu (`emp_id`) VALUES ('SO0883');
INSERT INTO pr_emp_skill (`emp_id`) VALUES ('SO0883');
INSERT INTO pr_id_proxi (`emp_id`) VALUES ('SO0883');
CREATE TABLE IF NOT EXISTS `temp_SO0883` (`att_id` int(11) NOT NULL AUTO_INCREMENT, `device_id` int(11) DEFAULT NULL, `proxi_id` int(11) DEFAULT NULL, `date_time` datetime DEFAULT NULL, PRIMARY KEY (`att_id`) ) ENGINE=MyISAM  DEFAULT CHARSET=utf8 AUTO_INCREMENT=1;
-- =======================================================================================================
INSERT INTO pr_emp_per_info (`emp_id`,`emp_full_name`,`emp_dob`,`emp_marital_status`,`emp_blood`) VALUES ('SO0884', 'Mst.Sherina Begum', '1990-03-25', 1, 0);
INSERT INTO pr_emp_com_info (`emp_id`, `emp_dept_id`, `emp_sec_id`, `emp_line_id`, `emp_desi_id`,`emp_operation_id`,`emp_position_id`, `emp_sal_gra_id`, `emp_cat_id`, `emp_shift`, `gross_sal`, `ot_entitle`, `transport`, `lunch`, `att_bonus`, `salary_draw`, `salary_type`,  `emp_join_date`) 
								VALUES ('SO0884', 3, 3, 3, 8, 0, 0, '5', 1,3, '3800',0, 1,1,'1', 1 , 1 ,'2011-09-11' );
INSERT INTO pr_emp_add (`emp_id`) VALUES ('SO0884');
INSERT INTO pr_emp_edu (`emp_id`) VALUES ('SO0884');
INSERT INTO pr_emp_skill (`emp_id`) VALUES ('SO0884');
INSERT INTO pr_id_proxi (`emp_id`) VALUES ('SO0884');
CREATE TABLE IF NOT EXISTS `temp_SO0884` (`att_id` int(11) NOT NULL AUTO_INCREMENT, `device_id` int(11) DEFAULT NULL, `proxi_id` int(11) DEFAULT NULL, `date_time` datetime DEFAULT NULL, PRIMARY KEY (`att_id`) ) ENGINE=MyISAM  DEFAULT CHARSET=utf8 AUTO_INCREMENT=1;
-- =======================================================================================================
INSERT INTO pr_emp_per_info (`emp_id`,`emp_full_name`,`emp_dob`,`emp_marital_status`,`emp_blood`) VALUES ('SO0888', 'Mst.Nuri Akter', '1991-01-01', 1, 0);
INSERT INTO pr_emp_com_info (`emp_id`, `emp_dept_id`, `emp_sec_id`, `emp_line_id`, `emp_desi_id`,`emp_operation_id`,`emp_position_id`, `emp_sal_gra_id`, `emp_cat_id`, `emp_shift`, `gross_sal`, `ot_entitle`, `transport`, `lunch`, `att_bonus`, `salary_draw`, `salary_type`,  `emp_join_date`) 
								VALUES ('SO0888', 3, 3, 3, 6, 0, 0, '3', 1,3, '4400',0, 1,1,'1', 1 , 1 ,'2011-09-12' );
INSERT INTO pr_emp_add (`emp_id`) VALUES ('SO0888');
INSERT INTO pr_emp_edu (`emp_id`) VALUES ('SO0888');
INSERT INTO pr_emp_skill (`emp_id`) VALUES ('SO0888');
INSERT INTO pr_id_proxi (`emp_id`) VALUES ('SO0888');
CREATE TABLE IF NOT EXISTS `temp_SO0888` (`att_id` int(11) NOT NULL AUTO_INCREMENT, `device_id` int(11) DEFAULT NULL, `proxi_id` int(11) DEFAULT NULL, `date_time` datetime DEFAULT NULL, PRIMARY KEY (`att_id`) ) ENGINE=MyISAM  DEFAULT CHARSET=utf8 AUTO_INCREMENT=1;
-- =======================================================================================================
INSERT INTO pr_emp_per_info (`emp_id`,`emp_full_name`,`emp_dob`,`emp_marital_status`,`emp_blood`) VALUES ('SO0899', 'Mst.Asma Begum', '1980-05-04', 1, 0);
INSERT INTO pr_emp_com_info (`emp_id`, `emp_dept_id`, `emp_sec_id`, `emp_line_id`, `emp_desi_id`,`emp_operation_id`,`emp_position_id`, `emp_sal_gra_id`, `emp_cat_id`, `emp_shift`, `gross_sal`, `ot_entitle`, `transport`, `lunch`, `att_bonus`, `salary_draw`, `salary_type`,  `emp_join_date`) 
								VALUES ('SO0899', 3, 3, 3, 6, 0, 0, '3', 1,3, '4218',0, 1,1,'1', 1 , 1 ,'2011-09-14' );
INSERT INTO pr_emp_add (`emp_id`) VALUES ('SO0899');
INSERT INTO pr_emp_edu (`emp_id`) VALUES ('SO0899');
INSERT INTO pr_emp_skill (`emp_id`) VALUES ('SO0899');
INSERT INTO pr_id_proxi (`emp_id`) VALUES ('SO0899');
CREATE TABLE IF NOT EXISTS `temp_SO0899` (`att_id` int(11) NOT NULL AUTO_INCREMENT, `device_id` int(11) DEFAULT NULL, `proxi_id` int(11) DEFAULT NULL, `date_time` datetime DEFAULT NULL, PRIMARY KEY (`att_id`) ) ENGINE=MyISAM  DEFAULT CHARSET=utf8 AUTO_INCREMENT=1;
-- =======================================================================================================
INSERT INTO pr_emp_per_info (`emp_id`,`emp_full_name`,`emp_dob`,`emp_marital_status`,`emp_blood`) VALUES ('SO0900', 'Mst.Rehena Begum', '1977-08-05', 1, 0);
INSERT INTO pr_emp_com_info (`emp_id`, `emp_dept_id`, `emp_sec_id`, `emp_line_id`, `emp_desi_id`,`emp_operation_id`,`emp_position_id`, `emp_sal_gra_id`, `emp_cat_id`, `emp_shift`, `gross_sal`, `ot_entitle`, `transport`, `lunch`, `att_bonus`, `salary_draw`, `salary_type`,  `emp_join_date`) 
								VALUES ('SO0900', 3, 3, 3, 6, 0, 0, '3', 1,3, '4300',0, 1,1,'1', 1 , 1 ,'2011-09-14' );
INSERT INTO pr_emp_add (`emp_id`) VALUES ('SO0900');
INSERT INTO pr_emp_edu (`emp_id`) VALUES ('SO0900');
INSERT INTO pr_emp_skill (`emp_id`) VALUES ('SO0900');
INSERT INTO pr_id_proxi (`emp_id`) VALUES ('SO0900');
CREATE TABLE IF NOT EXISTS `temp_SO0900` (`att_id` int(11) NOT NULL AUTO_INCREMENT, `device_id` int(11) DEFAULT NULL, `proxi_id` int(11) DEFAULT NULL, `date_time` datetime DEFAULT NULL, PRIMARY KEY (`att_id`) ) ENGINE=MyISAM  DEFAULT CHARSET=utf8 AUTO_INCREMENT=1;
-- =======================================================================================================
INSERT INTO pr_emp_per_info (`emp_id`,`emp_full_name`,`emp_dob`,`emp_marital_status`,`emp_blood`) VALUES ('SO0901', 'Md. Shahajahan Miah', '1987-03-04', 1, 0);
INSERT INTO pr_emp_com_info (`emp_id`, `emp_dept_id`, `emp_sec_id`, `emp_line_id`, `emp_desi_id`,`emp_operation_id`,`emp_position_id`, `emp_sal_gra_id`, `emp_cat_id`, `emp_shift`, `gross_sal`, `ot_entitle`, `transport`, `lunch`, `att_bonus`, `salary_draw`, `salary_type`,  `emp_join_date`) 
								VALUES ('SO0901', 3, 3, 3, 6, 0, 0, '3', 1,3, '4400',0, 1,1,'1', 1 , 1 ,'2011-09-14' );
INSERT INTO pr_emp_add (`emp_id`) VALUES ('SO0901');
INSERT INTO pr_emp_edu (`emp_id`) VALUES ('SO0901');
INSERT INTO pr_emp_skill (`emp_id`) VALUES ('SO0901');
INSERT INTO pr_id_proxi (`emp_id`) VALUES ('SO0901');
CREATE TABLE IF NOT EXISTS `temp_SO0901` (`att_id` int(11) NOT NULL AUTO_INCREMENT, `device_id` int(11) DEFAULT NULL, `proxi_id` int(11) DEFAULT NULL, `date_time` datetime DEFAULT NULL, PRIMARY KEY (`att_id`) ) ENGINE=MyISAM  DEFAULT CHARSET=utf8 AUTO_INCREMENT=1;
-- =======================================================================================================
INSERT INTO pr_emp_per_info (`emp_id`,`emp_full_name`,`emp_dob`,`emp_marital_status`,`emp_blood`) VALUES ('SO0911', 'Sree Belash Chandra', '1988-10-16', 1, 0);
INSERT INTO pr_emp_com_info (`emp_id`, `emp_dept_id`, `emp_sec_id`, `emp_line_id`, `emp_desi_id`,`emp_operation_id`,`emp_position_id`, `emp_sal_gra_id`, `emp_cat_id`, `emp_shift`, `gross_sal`, `ot_entitle`, `transport`, `lunch`, `att_bonus`, `salary_draw`, `salary_type`,  `emp_join_date`) 
								VALUES ('SO0911', 3, 3, 3, 6, 0, 0, '3', 1,3, '4350',0, 1,1,'1', 1 , 1 ,'2011-09-14' );
INSERT INTO pr_emp_add (`emp_id`) VALUES ('SO0911');
INSERT INTO pr_emp_edu (`emp_id`) VALUES ('SO0911');
INSERT INTO pr_emp_skill (`emp_id`) VALUES ('SO0911');
INSERT INTO pr_id_proxi (`emp_id`) VALUES ('SO0911');
CREATE TABLE IF NOT EXISTS `temp_SO0911` (`att_id` int(11) NOT NULL AUTO_INCREMENT, `device_id` int(11) DEFAULT NULL, `proxi_id` int(11) DEFAULT NULL, `date_time` datetime DEFAULT NULL, PRIMARY KEY (`att_id`) ) ENGINE=MyISAM  DEFAULT CHARSET=utf8 AUTO_INCREMENT=1;
-- =======================================================================================================
INSERT INTO pr_emp_per_info (`emp_id`,`emp_full_name`,`emp_dob`,`emp_marital_status`,`emp_blood`) VALUES ('SO0913', 'Mst.Munni Akter', '1988-03-11', 1, 0);
INSERT INTO pr_emp_com_info (`emp_id`, `emp_dept_id`, `emp_sec_id`, `emp_line_id`, `emp_desi_id`,`emp_operation_id`,`emp_position_id`, `emp_sal_gra_id`, `emp_cat_id`, `emp_shift`, `gross_sal`, `ot_entitle`, `transport`, `lunch`, `att_bonus`, `salary_draw`, `salary_type`,  `emp_join_date`) 
								VALUES ('SO0913', 3, 3, 3, 6, 0, 0, '3', 1,3, '4300',0, 1,1,'1', 1 , 1 ,'2011-09-17' );
INSERT INTO pr_emp_add (`emp_id`) VALUES ('SO0913');
INSERT INTO pr_emp_edu (`emp_id`) VALUES ('SO0913');
INSERT INTO pr_emp_skill (`emp_id`) VALUES ('SO0913');
INSERT INTO pr_id_proxi (`emp_id`) VALUES ('SO0913');
CREATE TABLE IF NOT EXISTS `temp_SO0913` (`att_id` int(11) NOT NULL AUTO_INCREMENT, `device_id` int(11) DEFAULT NULL, `proxi_id` int(11) DEFAULT NULL, `date_time` datetime DEFAULT NULL, PRIMARY KEY (`att_id`) ) ENGINE=MyISAM  DEFAULT CHARSET=utf8 AUTO_INCREMENT=1;
-- =======================================================================================================
INSERT INTO pr_emp_per_info (`emp_id`,`emp_full_name`,`emp_dob`,`emp_marital_status`,`emp_blood`) VALUES ('SO0915', 'Mst.Kulsum Begum', '1985-01-01', 1, 0);
INSERT INTO pr_emp_com_info (`emp_id`, `emp_dept_id`, `emp_sec_id`, `emp_line_id`, `emp_desi_id`,`emp_operation_id`,`emp_position_id`, `emp_sal_gra_id`, `emp_cat_id`, `emp_shift`, `gross_sal`, `ot_entitle`, `transport`, `lunch`, `att_bonus`, `salary_draw`, `salary_type`,  `emp_join_date`) 
								VALUES ('SO0915', 3, 3, 3, 6, 0, 0, '3', 1,3, '4218',0, 1,1,'1', 1 , 1 ,'2011-09-17' );
INSERT INTO pr_emp_add (`emp_id`) VALUES ('SO0915');
INSERT INTO pr_emp_edu (`emp_id`) VALUES ('SO0915');
INSERT INTO pr_emp_skill (`emp_id`) VALUES ('SO0915');
INSERT INTO pr_id_proxi (`emp_id`) VALUES ('SO0915');
CREATE TABLE IF NOT EXISTS `temp_SO0915` (`att_id` int(11) NOT NULL AUTO_INCREMENT, `device_id` int(11) DEFAULT NULL, `proxi_id` int(11) DEFAULT NULL, `date_time` datetime DEFAULT NULL, PRIMARY KEY (`att_id`) ) ENGINE=MyISAM  DEFAULT CHARSET=utf8 AUTO_INCREMENT=1;
-- =======================================================================================================
INSERT INTO pr_emp_per_info (`emp_id`,`emp_full_name`,`emp_dob`,`emp_marital_status`,`emp_blood`) VALUES ('SO0925', 'Mst. Rubi Akter', '1990-10-15', 1, 0);
INSERT INTO pr_emp_com_info (`emp_id`, `emp_dept_id`, `emp_sec_id`, `emp_line_id`, `emp_desi_id`,`emp_operation_id`,`emp_position_id`, `emp_sal_gra_id`, `emp_cat_id`, `emp_shift`, `gross_sal`, `ot_entitle`, `transport`, `lunch`, `att_bonus`, `salary_draw`, `salary_type`,  `emp_join_date`) 
								VALUES ('SO0925', 3, 3, 3, 6, 0, 0, '3', 1,3, '4300',0, 1,1,'1', 1 , 1 ,'2011-09-19' );
INSERT INTO pr_emp_add (`emp_id`) VALUES ('SO0925');
INSERT INTO pr_emp_edu (`emp_id`) VALUES ('SO0925');
INSERT INTO pr_emp_skill (`emp_id`) VALUES ('SO0925');
INSERT INTO pr_id_proxi (`emp_id`) VALUES ('SO0925');
CREATE TABLE IF NOT EXISTS `temp_SO0925` (`att_id` int(11) NOT NULL AUTO_INCREMENT, `device_id` int(11) DEFAULT NULL, `proxi_id` int(11) DEFAULT NULL, `date_time` datetime DEFAULT NULL, PRIMARY KEY (`att_id`) ) ENGINE=MyISAM  DEFAULT CHARSET=utf8 AUTO_INCREMENT=1;
-- =======================================================================================================
INSERT INTO pr_emp_per_info (`emp_id`,`emp_full_name`,`emp_dob`,`emp_marital_status`,`emp_blood`) VALUES ('SO0948', 'Mst. Fatema Akter', '1986-05-20', 1, 0);
INSERT INTO pr_emp_com_info (`emp_id`, `emp_dept_id`, `emp_sec_id`, `emp_line_id`, `emp_desi_id`,`emp_operation_id`,`emp_position_id`, `emp_sal_gra_id`, `emp_cat_id`, `emp_shift`, `gross_sal`, `ot_entitle`, `transport`, `lunch`, `att_bonus`, `salary_draw`, `salary_type`,  `emp_join_date`) 
								VALUES ('SO0948', 3, 3, 3, 6, 0, 0, '3', 1,3, '4400',0, 1,1,'1', 1 , 1 ,'2011-10-15' );
INSERT INTO pr_emp_add (`emp_id`) VALUES ('SO0948');
INSERT INTO pr_emp_edu (`emp_id`) VALUES ('SO0948');
INSERT INTO pr_emp_skill (`emp_id`) VALUES ('SO0948');
INSERT INTO pr_id_proxi (`emp_id`) VALUES ('SO0948');
CREATE TABLE IF NOT EXISTS `temp_SO0948` (`att_id` int(11) NOT NULL AUTO_INCREMENT, `device_id` int(11) DEFAULT NULL, `proxi_id` int(11) DEFAULT NULL, `date_time` datetime DEFAULT NULL, PRIMARY KEY (`att_id`) ) ENGINE=MyISAM  DEFAULT CHARSET=utf8 AUTO_INCREMENT=1;
-- =======================================================================================================
INSERT INTO pr_emp_per_info (`emp_id`,`emp_full_name`,`emp_dob`,`emp_marital_status`,`emp_blood`) VALUES ('SO1007', 'Md. Nazma Akter', '1988-10-25', 1, 0);
INSERT INTO pr_emp_com_info (`emp_id`, `emp_dept_id`, `emp_sec_id`, `emp_line_id`, `emp_desi_id`,`emp_operation_id`,`emp_position_id`, `emp_sal_gra_id`, `emp_cat_id`, `emp_shift`, `gross_sal`, `ot_entitle`, `transport`, `lunch`, `att_bonus`, `salary_draw`, `salary_type`,  `emp_join_date`) 
								VALUES ('SO1007', 3, 3, 3, 6, 0, 0, '3', 1,3, '4218',0, 1,1,'1', 1 , 1 ,'2011-12-10' );
INSERT INTO pr_emp_add (`emp_id`) VALUES ('SO1007');
INSERT INTO pr_emp_edu (`emp_id`) VALUES ('SO1007');
INSERT INTO pr_emp_skill (`emp_id`) VALUES ('SO1007');
INSERT INTO pr_id_proxi (`emp_id`) VALUES ('SO1007');
CREATE TABLE IF NOT EXISTS `temp_SO1007` (`att_id` int(11) NOT NULL AUTO_INCREMENT, `device_id` int(11) DEFAULT NULL, `proxi_id` int(11) DEFAULT NULL, `date_time` datetime DEFAULT NULL, PRIMARY KEY (`att_id`) ) ENGINE=MyISAM  DEFAULT CHARSET=utf8 AUTO_INCREMENT=1;
-- =======================================================================================================
INSERT INTO pr_emp_per_info (`emp_id`,`emp_full_name`,`emp_dob`,`emp_marital_status`,`emp_blood`) VALUES ('SO1040', 'Md. Alam Sorker', '1985-02-01', 1, 0);
INSERT INTO pr_emp_com_info (`emp_id`, `emp_dept_id`, `emp_sec_id`, `emp_line_id`, `emp_desi_id`,`emp_operation_id`,`emp_position_id`, `emp_sal_gra_id`, `emp_cat_id`, `emp_shift`, `gross_sal`, `ot_entitle`, `transport`, `lunch`, `att_bonus`, `salary_draw`, `salary_type`,  `emp_join_date`) 
								VALUES ('SO1040', 3, 3, 3, 6, 0, 0, '3', 1,3, '4700',0, 1,1,'1', 1 , 1 ,'2012-01-10' );
INSERT INTO pr_emp_add (`emp_id`) VALUES ('SO1040');
INSERT INTO pr_emp_edu (`emp_id`) VALUES ('SO1040');
INSERT INTO pr_emp_skill (`emp_id`) VALUES ('SO1040');
INSERT INTO pr_id_proxi (`emp_id`) VALUES ('SO1040');
CREATE TABLE IF NOT EXISTS `temp_SO1040` (`att_id` int(11) NOT NULL AUTO_INCREMENT, `device_id` int(11) DEFAULT NULL, `proxi_id` int(11) DEFAULT NULL, `date_time` datetime DEFAULT NULL, PRIMARY KEY (`att_id`) ) ENGINE=MyISAM  DEFAULT CHARSET=utf8 AUTO_INCREMENT=1;
-- =======================================================================================================
INSERT INTO pr_emp_per_info (`emp_id`,`emp_full_name`,`emp_dob`,`emp_marital_status`,`emp_blood`) VALUES ('SO1059', 'Mst. Ruma Begum', '1978-05-10', 1, 0);
INSERT INTO pr_emp_com_info (`emp_id`, `emp_dept_id`, `emp_sec_id`, `emp_line_id`, `emp_desi_id`,`emp_operation_id`,`emp_position_id`, `emp_sal_gra_id`, `emp_cat_id`, `emp_shift`, `gross_sal`, `ot_entitle`, `transport`, `lunch`, `att_bonus`, `salary_draw`, `salary_type`,  `emp_join_date`) 
								VALUES ('SO1059', 3, 3, 3, 6, 0, 0, '3', 1,3, '4500',0, 1,1,'1', 1 , 1 ,'2012-01-24' );
INSERT INTO pr_emp_add (`emp_id`) VALUES ('SO1059');
INSERT INTO pr_emp_edu (`emp_id`) VALUES ('SO1059');
INSERT INTO pr_emp_skill (`emp_id`) VALUES ('SO1059');
INSERT INTO pr_id_proxi (`emp_id`) VALUES ('SO1059');
CREATE TABLE IF NOT EXISTS `temp_SO1059` (`att_id` int(11) NOT NULL AUTO_INCREMENT, `device_id` int(11) DEFAULT NULL, `proxi_id` int(11) DEFAULT NULL, `date_time` datetime DEFAULT NULL, PRIMARY KEY (`att_id`) ) ENGINE=MyISAM  DEFAULT CHARSET=utf8 AUTO_INCREMENT=1;
-- =======================================================================================================
INSERT INTO pr_emp_per_info (`emp_id`,`emp_full_name`,`emp_dob`,`emp_marital_status`,`emp_blood`) VALUES ('SO1064', 'Mst. Bite Akter', '1987-02-22', 1, 0);
INSERT INTO pr_emp_com_info (`emp_id`, `emp_dept_id`, `emp_sec_id`, `emp_line_id`, `emp_desi_id`,`emp_operation_id`,`emp_position_id`, `emp_sal_gra_id`, `emp_cat_id`, `emp_shift`, `gross_sal`, `ot_entitle`, `transport`, `lunch`, `att_bonus`, `salary_draw`, `salary_type`,  `emp_join_date`) 
								VALUES ('SO1064', 3, 3, 3, 6, 0, 0, '3', 1,3, '4500',0, 1,1,'1', 1 , 1 ,'2012-02-01' );
INSERT INTO pr_emp_add (`emp_id`) VALUES ('SO1064');
INSERT INTO pr_emp_edu (`emp_id`) VALUES ('SO1064');
INSERT INTO pr_emp_skill (`emp_id`) VALUES ('SO1064');
INSERT INTO pr_id_proxi (`emp_id`) VALUES ('SO1064');
CREATE TABLE IF NOT EXISTS `temp_SO1064` (`att_id` int(11) NOT NULL AUTO_INCREMENT, `device_id` int(11) DEFAULT NULL, `proxi_id` int(11) DEFAULT NULL, `date_time` datetime DEFAULT NULL, PRIMARY KEY (`att_id`) ) ENGINE=MyISAM  DEFAULT CHARSET=utf8 AUTO_INCREMENT=1;
-- =======================================================================================================
INSERT INTO pr_emp_per_info (`emp_id`,`emp_full_name`,`emp_dob`,`emp_marital_status`,`emp_blood`) VALUES ('SO1073', 'Md. Jober Hossain', '1988-05-02', 1, 0);
INSERT INTO pr_emp_com_info (`emp_id`, `emp_dept_id`, `emp_sec_id`, `emp_line_id`, `emp_desi_id`,`emp_operation_id`,`emp_position_id`, `emp_sal_gra_id`, `emp_cat_id`, `emp_shift`, `gross_sal`, `ot_entitle`, `transport`, `lunch`, `att_bonus`, `salary_draw`, `salary_type`,  `emp_join_date`) 
								VALUES ('SO1073', 3, 3, 3, 6, 0, 0, '3', 1,3, '4400',0, 1,1,'1', 1 , 1 ,'2012-02-04' );
INSERT INTO pr_emp_add (`emp_id`) VALUES ('SO1073');
INSERT INTO pr_emp_edu (`emp_id`) VALUES ('SO1073');
INSERT INTO pr_emp_skill (`emp_id`) VALUES ('SO1073');
INSERT INTO pr_id_proxi (`emp_id`) VALUES ('SO1073');
CREATE TABLE IF NOT EXISTS `temp_SO1073` (`att_id` int(11) NOT NULL AUTO_INCREMENT, `device_id` int(11) DEFAULT NULL, `proxi_id` int(11) DEFAULT NULL, `date_time` datetime DEFAULT NULL, PRIMARY KEY (`att_id`) ) ENGINE=MyISAM  DEFAULT CHARSET=utf8 AUTO_INCREMENT=1;
-- =======================================================================================================
INSERT INTO pr_emp_per_info (`emp_id`,`emp_full_name`,`emp_dob`,`emp_marital_status`,`emp_blood`) VALUES ('SO1075', 'Md. Abdus Satter', '1984-12-10', 1, 0);
INSERT INTO pr_emp_com_info (`emp_id`, `emp_dept_id`, `emp_sec_id`, `emp_line_id`, `emp_desi_id`,`emp_operation_id`,`emp_position_id`, `emp_sal_gra_id`, `emp_cat_id`, `emp_shift`, `gross_sal`, `ot_entitle`, `transport`, `lunch`, `att_bonus`, `salary_draw`, `salary_type`,  `emp_join_date`) 
								VALUES ('SO1075', 3, 3, 3, 6, 0, 0, '3', 1,3, '4650',0, 1,1,'1', 1 , 1 ,'2012-02-04' );
INSERT INTO pr_emp_add (`emp_id`) VALUES ('SO1075');
INSERT INTO pr_emp_edu (`emp_id`) VALUES ('SO1075');
INSERT INTO pr_emp_skill (`emp_id`) VALUES ('SO1075');
INSERT INTO pr_id_proxi (`emp_id`) VALUES ('SO1075');
CREATE TABLE IF NOT EXISTS `temp_SO1075` (`att_id` int(11) NOT NULL AUTO_INCREMENT, `device_id` int(11) DEFAULT NULL, `proxi_id` int(11) DEFAULT NULL, `date_time` datetime DEFAULT NULL, PRIMARY KEY (`att_id`) ) ENGINE=MyISAM  DEFAULT CHARSET=utf8 AUTO_INCREMENT=1;
-- =======================================================================================================
INSERT INTO pr_emp_per_info (`emp_id`,`emp_full_name`,`emp_dob`,`emp_marital_status`,`emp_blood`) VALUES ('SO1078', 'Md. Asharaful Islam', '1990-08-10', 1, 0);
INSERT INTO pr_emp_com_info (`emp_id`, `emp_dept_id`, `emp_sec_id`, `emp_line_id`, `emp_desi_id`,`emp_operation_id`,`emp_position_id`, `emp_sal_gra_id`, `emp_cat_id`, `emp_shift`, `gross_sal`, `ot_entitle`, `transport`, `lunch`, `att_bonus`, `salary_draw`, `salary_type`,  `emp_join_date`) 
								VALUES ('SO1078', 3, 3, 3, 6, 0, 0, '3', 1,3, '4600',0, 1,1,'1', 1 , 1 ,'2012-03-08' );
INSERT INTO pr_emp_add (`emp_id`) VALUES ('SO1078');
INSERT INTO pr_emp_edu (`emp_id`) VALUES ('SO1078');
INSERT INTO pr_emp_skill (`emp_id`) VALUES ('SO1078');
INSERT INTO pr_id_proxi (`emp_id`) VALUES ('SO1078');
CREATE TABLE IF NOT EXISTS `temp_SO1078` (`att_id` int(11) NOT NULL AUTO_INCREMENT, `device_id` int(11) DEFAULT NULL, `proxi_id` int(11) DEFAULT NULL, `date_time` datetime DEFAULT NULL, PRIMARY KEY (`att_id`) ) ENGINE=MyISAM  DEFAULT CHARSET=utf8 AUTO_INCREMENT=1;
-- =======================================================================================================
INSERT INTO pr_emp_per_info (`emp_id`,`emp_full_name`,`emp_dob`,`emp_marital_status`,`emp_blood`) VALUES ('SO1080', 'Md. Abdul Jalil ', '1984-08-06', 1, 0);
INSERT INTO pr_emp_com_info (`emp_id`, `emp_dept_id`, `emp_sec_id`, `emp_line_id`, `emp_desi_id`,`emp_operation_id`,`emp_position_id`, `emp_sal_gra_id`, `emp_cat_id`, `emp_shift`, `gross_sal`, `ot_entitle`, `transport`, `lunch`, `att_bonus`, `salary_draw`, `salary_type`,  `emp_join_date`) 
								VALUES ('SO1080', 3, 3, 3, 6, 0, 0, '3', 1,3, '4700',0, 1,1,'1', 1 , 1 ,'2012-03-10' );
INSERT INTO pr_emp_add (`emp_id`) VALUES ('SO1080');
INSERT INTO pr_emp_edu (`emp_id`) VALUES ('SO1080');
INSERT INTO pr_emp_skill (`emp_id`) VALUES ('SO1080');
INSERT INTO pr_id_proxi (`emp_id`) VALUES ('SO1080');
CREATE TABLE IF NOT EXISTS `temp_SO1080` (`att_id` int(11) NOT NULL AUTO_INCREMENT, `device_id` int(11) DEFAULT NULL, `proxi_id` int(11) DEFAULT NULL, `date_time` datetime DEFAULT NULL, PRIMARY KEY (`att_id`) ) ENGINE=MyISAM  DEFAULT CHARSET=utf8 AUTO_INCREMENT=1;
-- =======================================================================================================
INSERT INTO pr_emp_per_info (`emp_id`,`emp_full_name`,`emp_dob`,`emp_marital_status`,`emp_blood`) VALUES ('SO1086', 'Md. Amdadul Haque', '1985-06-18', 1, 0);
INSERT INTO pr_emp_com_info (`emp_id`, `emp_dept_id`, `emp_sec_id`, `emp_line_id`, `emp_desi_id`,`emp_operation_id`,`emp_position_id`, `emp_sal_gra_id`, `emp_cat_id`, `emp_shift`, `gross_sal`, `ot_entitle`, `transport`, `lunch`, `att_bonus`, `salary_draw`, `salary_type`,  `emp_join_date`) 
								VALUES ('SO1086', 3, 3, 3, 6, 0, 0, '3', 1,3, '4750',0, 1,1,'1', 1 , 1 ,'2012-03-20' );
INSERT INTO pr_emp_add (`emp_id`) VALUES ('SO1086');
INSERT INTO pr_emp_edu (`emp_id`) VALUES ('SO1086');
INSERT INTO pr_emp_skill (`emp_id`) VALUES ('SO1086');
INSERT INTO pr_id_proxi (`emp_id`) VALUES ('SO1086');
CREATE TABLE IF NOT EXISTS `temp_SO1086` (`att_id` int(11) NOT NULL AUTO_INCREMENT, `device_id` int(11) DEFAULT NULL, `proxi_id` int(11) DEFAULT NULL, `date_time` datetime DEFAULT NULL, PRIMARY KEY (`att_id`) ) ENGINE=MyISAM  DEFAULT CHARSET=utf8 AUTO_INCREMENT=1;
-- =======================================================================================================
INSERT INTO pr_emp_per_info (`emp_id`,`emp_full_name`,`emp_dob`,`emp_marital_status`,`emp_blood`) VALUES ('SO1097', 'Md. Morshed Hassan', '1982-10-12', 1, 0);
INSERT INTO pr_emp_com_info (`emp_id`, `emp_dept_id`, `emp_sec_id`, `emp_line_id`, `emp_desi_id`,`emp_operation_id`,`emp_position_id`, `emp_sal_gra_id`, `emp_cat_id`, `emp_shift`, `gross_sal`, `ot_entitle`, `transport`, `lunch`, `att_bonus`, `salary_draw`, `salary_type`,  `emp_join_date`) 
								VALUES ('SO1097', 3, 3, 3, 6, 0, 0, '3', 1,3, '4218',0, 1,1,'1', 1 , 1 ,'2012-04-10' );
INSERT INTO pr_emp_add (`emp_id`) VALUES ('SO1097');
INSERT INTO pr_emp_edu (`emp_id`) VALUES ('SO1097');
INSERT INTO pr_emp_skill (`emp_id`) VALUES ('SO1097');
INSERT INTO pr_id_proxi (`emp_id`) VALUES ('SO1097');
CREATE TABLE IF NOT EXISTS `temp_SO1097` (`att_id` int(11) NOT NULL AUTO_INCREMENT, `device_id` int(11) DEFAULT NULL, `proxi_id` int(11) DEFAULT NULL, `date_time` datetime DEFAULT NULL, PRIMARY KEY (`att_id`) ) ENGINE=MyISAM  DEFAULT CHARSET=utf8 AUTO_INCREMENT=1;
-- =======================================================================================================
